{"name":"eb501242-592b-40e0-800f-f99f43fb8b36","id":"/providers/Microsoft.Flow/flows/eb501242-592b-40e0-800f-f99f43fb8b36","type":"Microsoft.Flow/flows","properties":{"apiId":"/providers/Microsoft.PowerApps/apis/shared_logicflows","displayName":"workshop0331b","definition":{"metadata":{"workflowEntityId":null,"processAdvisorMetadata":null,"flowclientsuspensionreason":"None","flowclientsuspensiontime":null,"flowclientsuspensionreasondetails":null,"creator":{"id":"75310dc2-774d-4111-bd57-7989f9450657","type":"User","tenantId":"4e7ca966-123e-4ce7-9833-3e858854b98f"},"provisioningMethod":"FromDefinition","failureAlertSubscription":true,"clientLastModifiedTime":"2023-03-27T08:25:12.6824009Z"},"$schema":"https://schema.management.azure.com/providers/Microsoft.Logic/schemas/2016-06-01/workflowdefinition.json#","contentVersion":"1.0.0.0","parameters":{"$connections":{"defaultValue":{},"type":"Object"},"$authentication":{"defaultValue":{},"type":"SecureObject"}},"triggers":{"Recurrence":{"recurrence":{"frequency":"Week","interval":1,"schedule":{"weekDays":["Monday"],"hours":["3"],"minutes":[0]}},"metadata":{"operationMetadataId":"d131b636-4d92-4f11-b9dd-777a9390a074"},"type":"Recurrence"}},"actions":{"Lists_blobs_(V2)":{"runAfter":{},"metadata":{"JTJmY29udGFpbmVyMDElMmZXb3Jrc2hvcDAzMzElMmY=":"/container01/Workshop0331/","operationMetadataId":"ba08c8c1-ca13-48fc-841b-603442447d73"},"type":"OpenApiConnection","inputs":{"host":{"apiId":"/providers/Microsoft.PowerApps/apis/shared_azureblob","connectionName":"shared_azureblob","operationId":"ListFolder_V4"},"parameters":{"dataset":"AccountNameFromSettings","id":"JTJmY29udGFpbmVyMDElMmZXb3Jrc2hvcDAzMzElMmY=","nextPageMarker":"","useFlatListing":false},"authentication":"@parameters('$authentication')"}},"Apply_to_each":{"foreach":"@outputs('Lists_blobs_(V2)')?['body/value']","actions":{"Get_blob_content_(V2)":{"runAfter":{},"metadata":{"operationMetadataId":"46b66a07-c119-41ee-bfd4-67272f57a6ac"},"type":"OpenApiConnection","inputs":{"host":{"apiId":"/providers/Microsoft.PowerApps/apis/shared_azureblob","connectionName":"shared_azureblob","operationId":"GetFileContent_V2"},"parameters":{"dataset":"AccountNameFromSettings","id":"@items('Apply_to_each')?['Id']","inferContentType":true},"authentication":"@parameters('$authentication')"}},"Compose-_new_line":{"runAfter":{"Get_blob_content_(V2)":["Succeeded"]},"metadata":{"operationMetadataId":"89cd7731-b5ef-4ea2-bfaa-e771b0d85310"},"type":"Compose","inputs":"\n"},"Compose-_split_by_new_line":{"runAfter":{"Compose-_new_line":["Succeeded"]},"metadata":{"operationMetadataId":"aea32d05-8700-4dcd-acfc-ece1a4125e46"},"type":"Compose","inputs":"@split(outputs('Get_blob_content_(V2)')?['body'],outputs('Compose-_new_line'))"},"Get_last_line":{"runAfter":{"Compose-_split_by_new_line":["Succeeded"]},"metadata":{"operationMetadataId":"05624be7-b41c-4af2-9c46-0ab015223cb0"},"type":"Compose","inputs":"@last(outputs('Compose-_split_by_new_line'))"},"get_date":{"runAfter":{"Get_last_line":["Succeeded"]},"metadata":{"operationMetadataId":"c45e72b5-bd77-4428-9362-3923c8131fba"},"type":"Compose","inputs":"@split(outputs('Get_last_line'),',')?[0]"},"get_temperature":{"runAfter":{"get_date":["Succeeded"]},"metadata":{"operationMetadataId":"e1aa199b-0046-4c14-a901-08d201be1983"},"type":"Compose","inputs":"@split(outputs('Get_last_line'),',')?[1]"},"get_Humidity":{"runAfter":{"get_temperature":["Succeeded"]},"metadata":{"operationMetadataId":"fca629f2-8cc8-46c2-95cf-728b3a3ee861"},"type":"Compose","inputs":"@split(outputs('Get_last_line'),',')?[2]"},"get_Is_holiday":{"runAfter":{"get_Humidity":["Succeeded"]},"metadata":{"operationMetadataId":"d66a1c91-2634-4559-b182-c27b38f1f5bd"},"type":"Compose","inputs":"@split(outputs('Get_last_line'),',')?[3]"},"get_Holiday_soon_2days_before":{"runAfter":{"get_Is_holiday":["Succeeded"]},"metadata":{"operationMetadataId":"b1d324a0-f8b9-4a61-8f52-ba3a90492cb3"},"type":"Compose","inputs":"@split(outputs('Get_last_line'),',')?[4]"},"get_Holiday_ending_soon":{"runAfter":{"get_Holiday_soon_2days_before":["Succeeded"]},"metadata":{"operationMetadataId":"6d64ea48-3ac4-47a9-9e58-0ac2b6e5631e"},"type":"Compose","inputs":"@split(outputs('Get_last_line'),',')?[5]"},"get_Weekday":{"runAfter":{"get_Holiday_ending_soon":["Succeeded"]},"metadata":{"operationMetadataId":"7e779db4-4661-4894-8831-4d342fc495ae"},"type":"Compose","inputs":"@split(outputs('Get_last_line'),',')?[6]"},"get_Traffic_last_week":{"runAfter":{"get_Weekday":["Succeeded"]},"metadata":{"operationMetadataId":"90d2cf9c-e33c-4b2f-944b-4f341da8f693"},"type":"Compose","inputs":"@split(outputs('Get_last_line'),',')?[7]"}},"runAfter":{"Lists_blobs_(V2)":["Succeeded"]},"metadata":{"operationMetadataId":"07355492-c051-4d46-a132-070c21b32f7a"},"type":"Foreach"}}},"connectionReferences":{"shared_azureblob":{"connectionName":"shared-azureblob-cff081ab-8246-4637-8847-fd4a33ccc923","source":"Embedded","id":"/providers/Microsoft.PowerApps/apis/shared_azureblob","tier":"NotSpecified"}},"flowFailureAlertSubscribed":false,"isManaged":false}}